Parameter,Display
Intercept,0.111365***(0.006766)
Size,0.023718***(0.000873)
MB,-0.00329***(0.001117)
D_RD,-0.07707***(0.003654)
RSquare,0.105355
#Obs,16257
