Parameter,Display
Intercept,0.102924***(0.013116)
Size,0.02818***(0.001837)
MB,-0.0173***(0.002372)
RSquare,0.041854
#Obs,6789
