Parameter,Display
Intercept,0.037644***(0.008991)
Size,0.029737***(0.001037)
MB,-0.00721***(0.00115)
RD_rank,0.000792(0.001963)
RSquare,0.080879
#Obs,16257
