Parameter,Display
Intercept,0.029194***(0.006298)
Size,0.022654***(0.000942)
MB,0.001534(0.001202)
RSquare,0.058589
#Obs,9468
